ordre,mse_moyenne,dice_moyen
8,0.008402795841296514,0.43688441748083906
16,0.005720591172575951,0.6583062697971902
20,0.00465156192270418,0.7306341659914034
64,0.0011153517795416217,0.9887524668512092
127,0.0005697694529468814,0.9990882036483391
